country,iso2
Afghanistan,AF
Albania,AL
Algeria,DZ
American Samoa,AS
Andorra,AD
Angola,AO
Anguilla,AI
Antigua And Barbuda,AG
Argentina,AR
Armenia,AM
Aruba,AW
Australia,AU
Austria,AT
Azerbaijan,AZ
"Bahamas, The",BS
Bahrain,BH
Bangladesh,BD
Barbados,BB
Belarus,BY
Belgium,BE
Belize,BZ
Benin,BJ
Bermuda,BM
Bhutan,BT
Bolivia,BO
Bosnia And Herzegovina,BA
Botswana,BW
Brazil,BR
Brunei,BN
Bulgaria,BG
Burkina Faso,BF
Burma,MM
Burundi,BI
Cote_DIvoire,CI
Cabo Verde,CV
Cambodia,KH
Cameroon,CM
Canada,CA
Cayman Islands,KY
Central African Republic,CF
Chad,TD
Chile,CL
China,CN
Christmas Island,CX
Colombia,CO
Comoros,KM
Congo_Brazzaville,CG
Congo_Kinshasa,CD
Cook Islands,CK
Costa Rica,CR
Croatia,HR
Cuba,CU
Cura√ßao,CW
Cyprus,CY
Czechia,CZ
Denmark,DK
Djibouti,DJ
Dominica,DM
Dominican Republic,DO
Ecuador,EC
Egypt,EG
El Salvador,SV
Equatorial Guinea,GQ
Eritrea,ER
Estonia,EE
Ethiopia,ET
Falkland Islands (Islas Malvinas),FK
Faroe Islands,FO
Fiji,FJ
Finland,FI
France,FR
French Guiana,GF
French Polynesia,PF
Gabon,GA
"Gambia, The",GM
Georgia,GE
Germany,DE
Ghana,GH
Gibraltar,GI
Greece,GR
Greenland,GL
Grenada,GD
Guadeloupe,GP
Guam,GU
Guatemala,GT
Guernsey,GG
Guinea,GN
Guinea-Bissau,GW
Guyana,GY
Haiti,HT
Honduras,HN
Hong Kong,HK
Hungary,HU
Iceland,IS
India,IN
Indonesia,ID
Iran,IR
Iraq,IQ
Ireland,IE
Isle Of Man,IM
Israel,IL
Italy,IT
Jamaica,JM
Japan,JP
Jersey,JE
Jordan,JO
Kazakhstan,KZ
Kenya,KE
Kiribati,KI
"Korea, North",KP
"Korea, South",KR
Kosovo,XK
Kuwait,KW
Kyrgyzstan,KG
Laos,LA
Latvia,LV
Lebanon,LB
Lesotho,LS
Liberia,LR
Libya,LY
Liechtenstein,LI
Lithuania,LT
Luxembourg,LU
Macau,MO
Macedonia,MK
Madagascar,MG
Malawi,MW
Malaysia,MY
Maldives,MV
Mali,ML
Malta,MT
Marshall Islands,MH
Martinique,MQ
Mauritania,MR
Mauritius,MU
Mayotte,YT
Mexico,MX
"Micronesia, Federated States Of",FM
Moldova,MD
Monaco,MC
Mongolia,MN
Montenegro,ME
Montserrat,MS
Morocco,MA
Mozambique,MZ
Namibia,NA
Nepal,NP
Netherlands,NL
New Caledonia,NC
New Zealand,NZ
Nicaragua,NI
Niger,NE
Nigeria,NG
Niue,NU
Norfolk Island,NF
Northern Mariana Islands,MP
Norway,NO
Oman,OM
Pakistan,PK
Palau,PW
Panama,PA
Papua New Guinea,PG
Paraguay,PY
Peru,PE
Philippines,PH
Pitcairn Islands,PN
Poland,PL
Portugal,PT
Qatar,QA
Reunion,RE
Romania,RO
Russia,RU
Rwanda,RW
Saint Barthelemy,BL
"Saint Helena, Ascension, And Tristan Da Cunha",SH
Saint Kitts And Nevis,KN
Saint Lucia,LC
Saint Martin,MF
Saint Pierre And Miquelon,PM
Saint Vincent And The Grenadines,VC
Samoa,WS
San Marino,SM
Sao Tome And Principe,ST
Saudi Arabia,SA
Senegal,SN
Serbia,RS
Seychelles,SC
Sierra_Leone,SL
Singapore,SG
Sint Maarten,SX
Slovakia,SK
Slovenia,SI
Solomon Islands,SB
Somalia,SO
South Africa,ZA
South Georgia And South Sandwich Islands,GS
South Sudan,SS
Spain,ES
Sri Lanka,LK
Sudan,SD
Suriname,SR
Svalbard,XR
Swaziland,SZ
Sweden,SE
Switzerland,CH
Syria,SY
Taiwan,TW
Tajikistan,TJ
Tanzania,TZ
Thailand,TH
Timor-Leste,TL
Togo,TG
Tonga,TO
Trinidad And Tobago,TT
Tunisia,TN
Turkey,TR
Turkmenistan,TM
Turks And Caicos Islands,TC
Tuvalu,TV
Uganda,UG
Ukraine,UA
United Arab Emirates,AE
United Kingdom,GB
United States,US
Uruguay,UY
Uzbekistan,UZ
Vanuatu,VU
Venezuela,VE
Vietnam,VN
"Virgin Islands, British",VG
Wallis And Futuna,WF
West Bank,XW
Yemen,YE
Zambia,ZM
Zimbabwe,ZW
